Date,Open,High,Low,Close,Adj Close,Volume
2021-05-27,1.827638030052185,2.033906936645508,1.7928489446640015,1.8451449871063232,1.8451449871063232,26024077
2021-05-28,1.825103998184204,2.428769111633301,1.3276480436325073,1.5889689922332764,1.5889689922332764,9359909
2021-05-29,1.5855790376663208,1.6429599523544312,1.2472009658813477,1.4469560384750366,1.4469560384750366,7394415
2021-05-30,1.446727991104126,2.636075973510742,1.358957052230835,2.0952959060668945,2.0952959060668945,11281539
2021-05-31,2.095834970474243,2.3078761100769043,1.8866779804229736,2.136920928955078,2.136920928955078,8116703
2021-06-01,2.146923065185547,2.2513608932495117,1.9731500148773193,1.9758110046386719,1.9758110046386719,6938978
2021-06-02,1.9762940406799316,2.1561999320983887,1.9270650148391724,2.0496959686279297,2.0496959686279297,5918258
2021-06-03,2.049772024154663,2.050920009613037,1.8144530057907104,1.9014489650726318,1.9014489650726318,3356961
2021-06-04,1.8986109495162964,1.9849460124969482,1.5413429737091064,1.7874829769134521,1.7874829769134521,2111429
2021-06-05,1.7862679958343506,1.9795069694519043,1.5614240169525146,1.6871620416641235,1.6871620416641235,1634871
2021-06-06,1.688264012336731,1.7161719799041748,1.5723819732666016,1.6713049411773682,1.6713049411773682,1896535
2021-06-07,1.6691279411315918,2.1358280181884766,1.6585979461669922,1.7867460250854492,1.7867460250854492,2526356
2021-06-08,1.7847520112991333,1.8077160120010376,1.4878309965133667,1.6476060152053833,1.6476060152053833,1777964
2021-06-09,1.6469810009002686,1.7019530534744263,1.5621639490127563,1.6871869564056396,1.6871869564056396,2359412
2021-06-10,1.6891080141067505,1.738845944404602,1.6193170547485352,1.6357810497283936,1.6357810497283936,2988495
2021-06-11,1.6360360383987427,1.6488009691238403,1.386631965637207,1.413290023803711,1.413290023803711,2683652
2021-06-12,1.4139330387115479,1.5515689849853516,1.3680649995803833,1.5025910139083862,1.5025910139083862,2991134
2021-06-13,1.5039739608764648,1.6487959623336792,1.4820120334625244,1.640866994857788,1.640866994857788,2839895
2021-06-14,1.6408129930496216,1.6987910270690918,1.6027100086212158,1.6743710041046143,1.6743710041046143,2733501
2021-06-15,1.6497440338134766,1.6985780000686646,1.4959969520568848,1.6024589538574219,1.6024589538574219,2512377
2021-06-16,1.5677679777145386,1.6095529794692993,1.5060319900512695,1.5336940288543701,1.5336940288543701,2435854
2021-06-17,1.5344430208206177,1.5670469999313354,1.4196029901504517,1.4332489967346191,1.4332489967346191,2369118
2021-06-18,1.433784008026123,1.5700609683990479,1.362617015838623,1.531046986579895,1.531046986579895,2771006
2021-06-19,1.5281840562820435,1.9117200374603271,1.4790639877319336,1.7658790349960327,1.7658790349960327,3561744
2021-06-20,1.7662160396575928,1.8863070011138916,1.6837170124053955,1.8068759441375732,1.8068759441375732,3200681
2021-06-21,1.8070249557495117,1.8228119611740112,1.4275399446487427,1.428313970565796,1.428313970565796,2610420
2021-06-22,1.4322819709777832,1.4345300197601318,1.2156870365142822,1.2794560194015503,1.2794560194015503,2333346
2021-06-23,1.2798540592193604,1.409803032875061,1.1907559633255005,1.3249590396881104,1.3249590396881104,1990004
2021-06-24,1.2274669408798218,1.2352540493011475,1.1020359992980957,1.1587469577789307,1.1587469577789307,1970742
2021-06-25,1.159796953201294,1.174746036529541,0.979744017124176,0.9853950142860413,0.9853950142860413,1763186
2021-06-26,0.9858220219612122,0.9917899966239929,0.8404639959335327,0.9169660210609436,0.9169660210609436,1669812
2021-06-27,0.9173840284347534,1.043761968612671,0.9155179858207703,1.0249769687652588,1.0249769687652588,1821088
2021-06-28,1.0262470245361328,1.0577110052108765,0.9854570031166077,1.0151560306549072,1.0151560306549072,1716866
2021-06-29,1.0150619745254517,1.1167659759521484,0.9934089779853821,1.0795040130615234,1.0795040130615234,1922347
2021-06-30,1.0782380104064941,1.082381010055542,0.9856320023536682,1.0100760459899902,1.0100760459899902,1626189
2021-07-01,1.0113250017166138,1.1639859676361084,0.87397301197052,1.1550920009613037,1.1550920009613037,2090342
2021-07-02,1.1532059907913208,1.2071280479431152,1.050639033317566,1.165024995803833,1.165024995803833,1959297
2021-07-03,1.164667010307312,1.2636070251464844,1.1583110094070435,1.2526750564575195,1.2526750564575195,1817400
2021-07-04,1.2513060569763184,1.355733036994934,1.2422339916229248,1.307865023612976,1.307865023612976,1941919
2021-07-05,1.3081259727478027,1.3153170347213745,1.1710200309753418,1.1867170333862305,1.1867170333862305,1784614
2021-07-06,1.1865359544754028,1.2474130392074585,1.128106951713562,1.216681957244873,1.216681957244873,1803057
2021-07-07,1.2167960405349731,1.263403058052063,1.1924229860305786,1.211920976638794,1.211920976638794,1505698
2021-07-08,1.212304949760437,1.2150520086288452,1.0969549417495728,1.1019539833068848,1.1019539833068848,909203
2021-07-09,1.1019890308380127,1.1274579763412476,1.0650869607925415,1.1022289991378784,1.1022289991378784,1024276
2021-07-10,1.1053839921951294,1.13783597946167,1.0531309843063354,1.0546590089797974,1.0546590089797974,1028085
2021-07-11,1.0545530319213867,1.0807360410690308,1.049420952796936,1.0729780197143555,1.0729780197143555,1002732
2021-07-12,1.0729540586471558,1.0752719640731812,1.0262089967727661,1.0272769927978516,1.0272769927978516,993039
2021-07-13,1.0274889469146729,1.0308539867401123,0.9576150178909302,0.964792013168335,0.964792013168335,1029946
2021-07-14,0.9646909832954407,0.991225004196167,0.9528560042381287,0.963782012462616,0.963782012462616,1020451
2021-07-15,0.964028000831604,0.9947599768638611,0.8736990094184875,0.8754580020904541,0.8754580020904541,1061986
2021-07-16,0.8763669729232788,0.8805440068244934,0.7989829778671265,0.8471519947052002,0.8471519947052002,1083999
2021-07-17,0.8470309972763062,0.8478050231933594,0.8112509846687317,0.8115410208702087,0.8115410208702087,1010120
2021-07-18,0.8119099736213684,0.8311390280723572,0.8039739727973938,0.8186820149421692,0.8186820149421692,1060136
2021-07-19,0.8188980221748352,0.8192840218544006,0.7688210010528564,0.7688210010528564,0.7688210010528564,1003673
2021-07-20,0.7693420052528381,0.7698580026626587,0.5700510144233704,0.6057829856872559,0.6057829856872559,1131959
2021-07-21,0.6057400107383728,0.6872169971466064,0.4953249990940094,0.5413020253181458,0.5413020253181458,1174937
2021-07-22,0.5409989953041077,0.5495790243148804,0.49801599979400635,0.5261409878730774,0.5261409878730774,1130693
2021-07-23,0.5262789726257324,0.5470380187034607,0.5087069869041443,0.5460990071296692,0.5460990071296692,1167865
2021-07-24,0.5461739897727966,0.6934059858322144,0.5458869934082031,0.6739810109138489,0.6739810109138489,1300259
2021-07-25,0.674006998538971,0.7641479969024658,0.6262969970703125,0.743552029132843,0.743552029132843,1178625
2021-07-26,0.7432900071144104,0.815106987953186,0.7377849817276001,0.7407619953155518,0.7407619953155518,1041642
2021-07-27,0.7406179904937744,0.7466740012168884,0.7037180066108704,0.7292450070381165,0.7292450070381165,999196
2021-07-28,0.7293980121612549,0.7544209957122803,0.6736000180244446,0.6994919776916504,0.6994919776916504,1166507
2021-07-29,0.6988800168037415,0.7098850011825562,0.6823970079421997,0.7095010280609131,0.7095010280609131,1794820
2021-07-30,0.70933997631073,0.7370629906654358,0.6948689818382263,0.7370219826698303,0.7370219826698303,1937273
2021-07-31,0.7371839880943298,0.8111069798469543,0.7139179706573486,0.8109840154647827,0.8109840154647827,1995105
2021-08-01,0.81073397397995,0.8387249708175659,0.7918829917907715,0.7942399978637695,0.7942399978637695,1946103
2021-08-02,0.7937759757041931,0.9294270277023315,0.7827180027961731,0.8909310102462769,0.8909310102462769,2333974
2021-08-03,0.8913919925689697,0.9177839756011963,0.8650879859924316,0.8752120137214661,0.8752120137214661,1958777
2021-08-04,0.8758630156517029,0.912917971611023,0.8506850004196167,0.8741229772567749,0.8741229772567749,2033433
2021-08-05,0.8741179704666138,0.8747379779815674,0.773842990398407,0.7799199819564819,0.7799199819564819,1899684
2021-08-06,0.7797369956970215,0.8148090243339539,0.7518919706344604,0.8094900250434875,0.8094900250434875,1980331
2021-08-07,0.8092269897460938,0.8194770216941833,0.7842699885368347,0.7944449782371521,0.7944449782371521,2012371
2021-08-08,0.7936469912528992,0.7965980172157288,0.7470740079879761,0.7706509828567505,0.7706509828567505,2067324
2021-08-09,0.7710360288619995,0.8174899816513062,0.7619439959526062,0.801252007484436,0.801252007484436,1819005
2021-08-10,0.801164984703064,0.8022119998931885,0.7585989832878113,0.764614999294281,0.764614999294281,1607081
2021-08-11,0.7644789814949036,0.7811130285263062,0.7594169974327087,0.7701429724693298,0.7701429724693298,1526003
2021-08-12,0.7695930004119873,0.7780020236968994,0.746071994304657,0.7529129981994629,0.7529129981994629,1306097
2021-08-13,0.7528989911079407,0.8189259767532349,0.7516469955444336,0.805079996585846,0.805079996585846,1618216
2021-08-14,0.8050259947776794,0.8404200077056885,0.8019970059394836,0.815991997718811,0.815991997718811,1561439
2021-08-15,0.8159779906272888,0.8329020142555237,0.7947620153427124,0.822405993938446,0.822405993938446,1570752
2021-08-16,0.8217300176620483,0.8717179894447327,0.8127750158309937,0.8523269891738892,0.8523269891738892,1829336
2021-08-17,0.8521819710731506,1.197219967842102,0.8467370271682739,1.0816919803619385,1.0816919803619385,2703565
2021-08-18,1.0816220045089722,1.4750349521636963,1.0619640350341797,1.294355034828186,1.294355034828186,3103908
2021-08-19,1.2958110570907593,1.3427419662475586,1.1639089584350586,1.279984951019287,1.279984951019287,2303674
2021-08-20,1.2799880504608154,1.3465150594711304,1.23095703125,1.3465150594711304,1.3465150594711304,1897427
2021-08-21,1.3438080549240112,1.445721983909607,1.3248820304870605,1.4235700368881226,1.4235700368881226,1985984
2021-08-22,1.4236520528793335,1.6766849756240845,1.421741008758545,1.5965189933776855,1.5965189933776855,2415316
2021-08-23,1.5964380502700806,1.5978889465332031,1.2958149909973145,1.330706000328064,1.330706000328064,2251456
2021-08-24,1.3307240009307861,1.5825599431991577,1.2498300075531006,1.380478024482727,1.380478024482727,2648982
2021-08-25,1.380350947380066,1.38863205909729,1.0922600030899048,1.298524022102356,1.298524022102356,3787171
2021-08-26,1.2998130321502686,1.3234779834747314,1.1458369493484497,1.1577479839324951,1.1577479839324951,2104404
2021-08-27,1.1556940078735352,1.461859941482544,1.1117700338363647,1.3878589868545532,1.3878589868545532,2293824
2021-08-28,1.3856220245361328,1.3859059810638428,1.240875005722046,1.291260004043579,1.291260004043579,1642207
2021-08-29,1.2931430339813232,1.33440101146698,1.2617130279541016,1.3176480531692505,1.3176480531692505,1597557
2021-08-30,1.3162930011749268,1.347182035446167,1.2172549962997437,1.3444770574569702,1.3444770574569702,1665112
2021-08-31,1.3465800285339355,1.3997739553451538,1.2918490171432495,1.3413679599761963,1.3413679599761963,1699540
2021-09-01,1.3421590328216553,1.4906610250473022,1.299942970275879,1.467980980873108,1.467980980873108,1494010
2021-09-02,1.4634499549865723,2.039180040359497,1.4444689750671387,1.9903010129928589,1.9903010129928589,3279327
2021-09-03,1.9901039600372314,2.465456008911133,1.9298019409179688,2.240048885345459,2.240048885345459,2733364
2021-09-04,2.2473089694976807,2.2740321159362793,1.9788730144500732,2.092818021774292,2.092818021774292,1790035
2021-09-05,2.1015350818634033,2.485435962677002,2.0356171131134033,2.423197031021118,2.423197031021118,1840617
2021-09-06,2.4230899810791016,2.694905996322632,2.4230899810791016,2.5947980880737305,2.5947980880737305,1962345
2021-09-07,2.5944008827209473,2.853760004043579,2.1489429473876953,2.387855052947998,2.387855052947998,3684134
2021-09-08,2.387424945831299,2.8598101139068604,2.1844639778137207,2.849353075027466,2.849353075027466,3448714
2021-09-09,2.763045072555542,3.9974451065063477,2.643963098526001,3.9974451065063477,3.9974451065063477,6556876
2021-09-10,4.015683174133301,4.88210391998291,3.7327449321746826,3.861747980117798,3.861747980117798,9194300
2021-09-11,3.8712220191955566,4.184219837188721,3.7703680992126465,4.061291217803955,4.061291217803955,3682708
2021-09-12,4.058088779449463,4.345576763153076,3.896591901779175,3.9736440181732178,3.9736440181732178,2848934
2021-09-13,3.9746859073638916,3.9861690998077393,3.2620840072631836,3.55534291267395,3.55534291267395,2857504
2021-09-14,3.5553369522094727,3.939409017562866,3.385395050048828,3.8362300395965576,3.8362300395965576,2329022
2021-09-15,3.8341009616851807,4.075654029846191,3.7574520111083984,3.7813730239868164,3.7813730239868164,2565465
2021-09-16,3.7816898822784424,3.854456901550293,3.5934109687805176,3.7113420963287354,3.7113420963287354,2281070
2021-09-17,3.717542886734009,4.400848865509033,3.7029309272766113,3.858726978302002,3.858726978302002,3382963
2021-09-18,3.8650848865509033,3.9598119258880615,3.730336904525757,3.857400894165039,3.857400894165039,2393112
2021-09-19,3.856961965560913,3.911410093307495,3.6441988945007324,3.649480104446411,3.649480104446411,2039666
2021-09-20,3.6502439975738525,3.6584160327911377,2.787008047103882,2.844177007675171,2.844177007675171,3708438
2021-09-21,2.8430380821228027,3.210010051727295,2.713787078857422,2.916879892349243,2.916879892349243,3003024
2021-09-22,2.9211630821228027,3.4978530406951904,2.9211630821228027,3.3799610137939453,3.3799610137939453,2833294
2021-09-23,3.379530906677246,3.7933061122894287,3.358553886413574,3.7740039825439453,3.7740039825439453,2981435
2021-09-24,3.775554895401001,3.956444025039673,3.2772409915924072,3.8523449897766113,3.8523449897766113,4490865
2021-09-25,3.8545138835906982,4.047452926635742,3.7330820560455322,3.992553949356079,3.992553949356079,3324711
2021-09-26,3.9891209602355957,4.269282817840576,3.8280889987945557,4.079851150512695,4.079851150512695,3408094
2021-09-27,4.079288005828857,4.0854949951171875,3.5220539569854736,3.629563093185425,3.629563093185425,3417224
2021-09-28,3.6298229694366455,3.741039991378784,3.279902935028076,3.3324780464172363,3.3324780464172363,2680422
2021-09-29,3.33030104637146,3.838798999786377,3.329413890838623,3.820770025253296,3.820770025253296,4420630
2021-09-30,3.824786901473999,4.402531147003174,3.7269399166107178,3.8186988830566406,3.8186988830566406,4660923
2021-10-01,3.8185880184173584,3.916961908340454,3.4799630641937256,3.8072640895843506,3.8072640895843506,4279823
2021-10-02,3.8078200817108154,3.8191750049591064,3.640856981277466,3.730803966522217,3.730803966522217,3370026
2021-10-03,3.7299139499664307,3.739748001098633,3.524009943008423,3.560961961746216,3.560961961746216,2600560
2021-10-04,3.560472011566162,3.779025077819824,3.3708889484405518,3.675105094909668,3.675105094909668,3939890
2021-10-05,3.6749210357666016,3.682020902633667,3.4078369140625,3.4412550926208496,3.4412550926208496,3289277
2021-10-06,3.4407050609588623,3.4780759811401367,3.0969789028167725,3.3406479358673096,3.3406479358673096,3648569
2021-10-07,3.3402490615844727,3.3942320346832275,3.0674118995666504,3.2767109870910645,3.2767109870910645,3364600
2021-10-08,3.2470450401306152,3.2470450401306152,3.0506789684295654,3.1673030853271484,3.1673030853271484,3130091
2021-10-09,3.1690878868103027,3.1970369815826416,2.9671459197998047,3.158345937728882,3.158345937728882,3126791
2021-10-10,3.1582729816436768,3.191240072250366,2.8587050437927246,2.8944320678710938,2.8944320678710938,2902064
2021-10-11,2.889770030975342,2.9889230728149414,2.7312309741973877,2.831026077270508,2.831026077270508,2860888
2021-10-12,2.831484079360962,3.047959089279175,2.781322956085205,3.0204110145568848,3.0204110145568848,2833466
2021-10-13,3.031949043273926,3.457200050354004,2.9413630962371826,3.318998098373413,3.318998098373413,3123375
2021-10-14,3.3159780502319336,3.645206928253174,3.302298069000244,3.644434928894043,3.644434928894043,3071029
2021-10-15,3.643695116043091,3.709203004837036,3.478126049041748,3.6903440952301025,3.6903440952301025,2925056
2021-10-16,3.689286947250366,3.7086150646209717,3.357254981994629,3.3682470321655273,3.3682470321655273,2553005
2021-10-17,3.3671369552612305,3.394381046295166,3.2393341064453125,3.2792809009552,3.2792809009552,2261462
2021-10-18,3.280940055847168,3.305104970932007,3.0488669872283936,3.1004559993743896,3.1004559993743896,2459577
2021-10-19,3.099890947341919,3.2681469917297363,3.0395660400390625,3.242924928665161,3.242924928665161,2438006
2021-10-20,3.2381489276885986,3.3657500743865967,3.1596720218658447,3.349576950073242,3.349576950073242,2459977
2021-10-21,3.3517749309539795,3.8318839073181152,3.3370020389556885,3.6435179710388184,3.6435179710388184,3309899
2021-10-22,3.643381118774414,3.8620479106903076,3.533953905105591,3.6207869052886963,3.6207869052886963,3011604
2021-10-23,3.6166160106658936,3.9682419300079346,3.578528881072998,3.9682419300079346,3.9682419300079346,3117779
2021-10-24,3.9584269523620605,4.0454020500183105,3.811866044998169,3.8590080738067627,3.8590080738067627,3335710
2021-10-25,3.854253053665161,4.154767036437988,3.830393075942993,4.144766807556152,4.144766807556152,3852576
2021-10-26,4.177192211151123,4.2966790199279785,4.080206871032715,4.18848991394043,4.18848991394043,3367341
2021-10-27,4.190605163574219,4.2297468185424805,3.6979830265045166,3.7629599571228027,3.7629599571228027,3080126
2021-10-28,3.7797529697418213,4.459517955780029,3.7653679847717285,4.344852924346924,4.344852924346924,3511215
2021-10-29,4.3445611000061035,4.976846218109131,4.210896968841553,4.963426113128662,4.963426113128662,4317482
2021-10-30,4.974891185760498,5.710594177246094,4.7727508544921875,5.0626702308654785,5.0626702308654785,5418365
2021-10-31,5.05508279800415,5.302224159240723,4.7312331199646,5.302224159240723,5.302224159240723,4233398
2021-11-01,5.301290035247803,5.524433135986328,4.93009614944458,5.118023872375488,5.118023872375488,5362936
2021-11-02,5.12409782409668,5.203895092010498,4.761529922485352,4.999546051025391,4.999546051025391,3870223
2021-11-03,4.99939489364624,5.968976020812988,4.887993812561035,5.954333782196045,5.954333782196045,5763075
2021-11-04,5.966676235198975,6.359778881072998,5.741416931152344,6.174344062805176,6.174344062805176,6220202
2021-11-05,6.1752610206604,6.782218933105469,6.027606964111328,6.695251941680908,6.695251941680908,4846790
2021-11-06,6.697268962860107,6.815176010131836,6.173886775970459,6.266172885894775,6.266172885894775,3532816
2021-11-07,6.282166004180908,7.413754940032959,6.26531982421875,7.233177185058594,7.233177185058594,4703115
2021-11-08,7.246278762817383,8.393492698669434,7.081575870513916,8.1295166015625,8.1295166015625,6933197
2021-11-09,8.129549980163574,8.576350212097168,7.641393184661865,7.943075180053711,7.943075180053711,5622556
2021-11-10,7.948861122131348,8.277643203735352,6.896518230438232,7.032729148864746,7.032729148864746,6308962
2021-11-11,7.029976844787598,7.668490886688232,7.0271711349487305,7.56204891204834,7.56204891204834,3771053
2021-11-12,7.551900863647461,7.616308212280273,6.924511909484863,6.9881591796875,6.9881591796875,2883607
2021-11-13,7.021736145019531,7.236069202423096,6.88496208190918,7.015604019165039,7.015604019165039,2492950
2021-11-14,7.016349792480469,7.082909107208252,6.283339023590088,6.438477993011475,6.438477993011475,2704957
2021-11-15,6.440998077392578,7.2883710861206055,6.439955234527588,7.2883710861206055,7.2883710861206055,3690134
2021-11-16,7.299369812011719,7.362081050872803,5.9620361328125,6.306979179382324,6.306979179382324,3295707
2021-11-17,6.30611515045166,6.460536003112793,5.751987934112549,6.032777786254883,6.032777786254883,4077707
2021-11-18,6.036065101623535,6.1519951820373535,5.363387107849121,5.60226583480835,5.60226583480835,3768637
2021-11-19,5.613405227661133,6.340582847595215,5.474368095397949,6.253471851348877,6.253471851348877,3205390
2021-11-20,6.252922058105469,6.781671047210693,6.152785778045654,6.677578926086426,6.677578926086426,3430279
2021-11-21,6.669307231903076,6.9774909019470215,6.457444190979004,6.970657825469971,6.970657825469971,2990639
2021-11-22,6.9611592292785645,7.011674880981445,6.281210899353027,6.510531902313232,6.510531902313232,2907248
2021-11-23,6.50911283493042,6.8174028396606445,6.244976043701172,6.812894821166992,6.812894821166992,3350253
2021-11-24,6.811736106872559,6.909061908721924,6.360123157501221,6.647793769836426,6.647793769836426,3255459
2021-11-25,6.602293968200684,6.602293968200684,6.162313938140869,6.177369117736816,6.177369117736816,4668671
2021-11-26,6.279898166656494,6.2868452072143555,5.61528205871582,5.637858867645264,5.637858867645264,2754212
2021-11-27,5.636877059936523,5.947202205657959,5.451608180999756,5.454829216003418,5.454829216003418,2767543
2021-11-28,5.451609134674072,6.7068772315979,5.371548175811768,6.616168022155762,6.616168022155762,4289076
2021-11-29,6.620382785797119,7.252517223358154,6.507328987121582,7.023040771484375,7.023040771484375,11180221
2021-11-30,7.033236980438232,7.036251068115234,6.48374080657959,6.596378803253174,6.596378803253174,4366487
2021-12-01,6.617167949676514,7.338185787200928,6.562298774719238,7.169372081756592,7.169372081756592,5134522
2021-12-02,7.169796943664551,7.273738861083984,6.8541412353515625,7.2731828689575195,7.2731828689575195,4460961
2021-12-03,7.260900974273682,7.927433013916016,6.960305213928223,7.799331188201904,7.799331188201904,6483992
2021-12-04,7.794402122497559,8.444382667541504,6.5135722160339355,8.439805030822754,8.439805030822754,9048191
2021-12-05,8.39363956451416,8.571634292602539,7.347434997558594,7.422286033630371,7.422286033630371,4858305
2021-12-06,7.415907859802246,7.919516086578369,6.551575183868408,7.919516086578369,7.919516086578369,6166023
2021-12-07,7.922863006591797,8.730372428894043,7.701687812805176,8.049478530883789,8.049478530883789,6777863
2021-12-08,8.05068302154541,8.222268104553223,7.741855144500732,7.8371357917785645,7.8371357917785645,4249613
2021-12-09,7.828127861022949,7.866765975952148,6.5988030433654785,6.5988030433654785,6.5988030433654785,4446524
2021-12-10,6.603917121887207,6.677804946899414,5.9320969581604,6.4358439445495605,6.4358439445495605,4577602
2021-12-11,6.43447208404541,6.903271198272705,6.323394775390625,6.876211166381836,6.876211166381836,3178202
2021-12-12,6.875691890716553,7.125096797943115,6.797074794769287,6.837385177612305,6.837385177612305,2301161
2021-12-13,6.840607166290283,6.895626068115234,5.9253621101379395,5.9253621101379395,5.9253621101379395,2683694
2021-12-14,5.927647113800049,6.195130825042725,5.911109924316406,5.9617462158203125,5.9617462158203125,2660768
2021-12-15,6.164515018463135,6.398898124694824,5.702969074249268,6.172553062438965,6.172553062438965,2879207
2021-12-16,6.170680999755859,7.249898910522461,6.097445964813232,6.781889915466309,6.781889915466309,3785050
2021-12-17,6.786941051483154,7.104907035827637,6.4478631019592285,6.522928237915039,6.522928237915039,4444730
2021-12-18,6.528613090515137,6.634652137756348,6.381100177764893,6.395226955413818,6.395226955413818,2749284
2021-12-19,6.394713878631592,6.405727863311768,6.123520851135254,6.203129768371582,6.203129768371582,1895307
2021-12-20,6.2008957862854,6.26448917388916,5.900835037231445,5.99783182144165,5.99783182144165,3443269
2021-12-21,5.998138904571533,6.374833106994629,5.952935218811035,6.215301990509033,6.215301990509033,2472957
2021-12-22,6.214613914489746,6.814187049865723,6.186162948608398,6.528685092926025,6.528685092926025,3768486
2021-12-23,6.528828144073486,6.9700608253479,6.338318824768066,6.792109966278076,6.792109966278076,3751133
2021-12-24,6.792992115020752,7.263296127319336,6.720398902893066,7.0640869140625,7.0640869140625,3699776
2021-12-25,7.061767101287842,7.369455814361572,6.975265979766846,7.024095058441162,7.024095058441162,2927199
2021-12-26,7.017916202545166,7.092098236083984,6.729053974151611,7.004209995269775,7.004209995269775,3003519
2021-12-27,7.0007548332214355,7.361645221710205,6.905453205108643,7.125476837158203,7.125476837158203,3173492
2021-12-28,7.121621131896973,7.215987205505371,6.540126800537109,6.552951812744141,6.552951812744141,3032302
2021-12-29,6.547194004058838,6.9571380615234375,6.521605014801025,6.879238128662109,6.879238128662109,2567640
2021-12-30,6.88070821762085,7.754487991333008,6.4594340324401855,7.548505783081055,7.548505783081055,5777695
2021-12-31,7.551461219787598,7.561878204345703,6.924584865570068,7.038549900054932,7.038549900054932,4147468
2022-01-01,7.038972854614258,7.861282825469971,7.038972854614258,7.809691905975342,7.809691905975342,4233252
2022-01-02,7.809247970581055,8.21300983428955,7.8074951171875,7.929137229919434,7.929137229919434,3487579
2022-01-03,7.926627159118652,8.088967323303223,7.7008819580078125,7.834754943847656,7.834754943847656,2757906
2022-01-04,7.834436893463135,8.083937644958496,7.5189290046691895,7.949087142944336,7.949087142944336,3449494
2022-01-05,7.948921203613281,7.948921203613281,6.955358028411865,7.220030784606934,7.220030784606934,3134253
2022-01-06,7.219961166381836,7.260931968688965,6.950983047485352,7.104465961456299,7.104465961456299,1844542
2022-01-07,7.104498863220215,7.112024784088135,6.591101169586182,6.591101169586182,6.591101169586182,1929860
2022-01-08,6.591047763824463,6.825357913970947,6.512585163116455,6.563252925872803,6.563252925872803,2120182
2022-01-09,6.5631489753723145,6.818570137023926,6.4675469398498535,6.7007551193237305,6.7007551193237305,1794723
2022-01-10,6.7006049156188965,6.744883060455322,6.067506790161133,6.16929817199707,6.16929817199707,2307125
2022-01-11,6.169530868530273,6.938652038574219,6.047525882720947,6.835279941558838,6.835279941558838,3459449
2022-01-12,6.834606170654297,7.0604119300842285,6.774351119995117,6.948313236236572,6.948313236236572,3591922
2022-01-13,6.94872522354126,7.182618141174316,6.850424766540527,6.871506214141846,6.871506214141846,3139757
2022-01-14,6.871503829956055,6.939717769622803,6.75671911239624,6.786312103271484,6.786312103271484,3943792
2022-01-15,6.78496789932251,7.344220161437988,6.734967231750488,7.344220161437988,7.344220161437988,3659930
2022-01-16,7.3432722091674805,7.525296211242676,7.166333198547363,7.342554092407227,7.342554092407227,6133780
2022-01-17,7.3391571044921875,7.55229377746582,7.178496837615967,7.425975799560547,7.425975799560547,4187823
2022-01-18,7.4259867668151855,7.78770112991333,7.361405849456787,7.68842887878418,7.68842887878418,3651717
2022-01-19,7.688407897949219,8.705254554748535,7.657596111297607,8.353824615478516,8.353824615478516,10226750
2022-01-20,8.356138229370117,9.06450080871582,8.12785816192627,8.136771202087402,8.136771202087402,7038505
2022-01-21,8.140713691711426,8.443886756896973,6.807613849639893,6.874197959899902,6.874197959899902,8196865
2022-01-22,6.875425815582275,7.05216121673584,5.873799800872803,6.073493957519531,6.073493957519531,4663042
2022-01-23,6.073421955108643,6.491306781768799,6.04258918762207,6.230576038360596,6.230576038360596,3165569
2022-01-24,6.232057094573975,6.297849178314209,5.182225227355957,5.45841121673584,5.45841121673584,4448339
2022-01-25,5.459000110626221,5.744684219360352,5.418951034545898,5.645773887634277,5.645773887634277,2538232
2022-01-26,5.645798206329346,5.827253818511963,5.4488701820373535,5.528386116027832,5.528386116027832,2545062
2022-01-27,5.528384208679199,5.550453186035156,5.143816947937012,5.278927803039551,5.278927803039551,3034414
2022-01-28,5.2839508056640625,5.287898063659668,4.567969799041748,4.982716083526611,4.982716083526611,4756814
2022-01-29,4.985105037689209,5.296410083770752,4.961717128753662,5.059514999389648,5.059514999389648,3985788
2022-01-30,5.059972763061523,5.217584133148193,5.002449035644531,5.08292293548584,5.08292293548584,2450191
2022-01-31,5.076842784881592,5.1044769287109375,4.821700096130371,5.003302097320557,5.003302097320557,2305295
2022-02-01,5.004671096801758,5.0366129875183105,4.783473014831543,4.783473014831543,4.783473014831543,2081327
2022-02-02,4.794558048248291,4.997621059417725,4.497196197509766,4.515926837921143,4.515926837921143,2409213
2022-02-03,4.5152997970581055,4.5152997970581055,4.2218427658081055,4.385115146636963,4.385115146636963,2215006
2022-02-04,4.39906120300293,4.795597076416016,4.378554821014404,4.781093120574951,4.781093120574951,2438590
2022-02-05,4.7794718742370605,4.988184928894043,4.77577018737793,4.841518878936768,4.841518878936768,2047410
2022-02-06,4.842290878295898,4.994734764099121,4.828175067901611,4.994734764099121,4.994734764099121,1439779
2022-02-07,4.993165969848633,5.301490783691406,4.965309143066406,5.195724010467529,5.195724010467529,2322771
2022-02-08,5.195664882659912,5.447877883911133,5.151794910430908,5.390580177307129,5.390580177307129,2380580
2022-02-09,5.39047384262085,5.705759048461914,5.3644938468933105,5.69319486618042,5.69319486618042,2227202
2022-02-10,5.688094139099121,5.691827774047852,5.311066150665283,5.3330230712890625,5.3330230712890625,2141854
2022-02-11,5.3333740234375,5.3557448387146,4.797702789306641,4.8584699630737305,4.8584699630737305,3228917
2022-02-12,4.8571391105651855,4.86141300201416,4.5899882316589355,4.704973220825195,4.704973220825195,2056036
2022-02-13,4.705755233764648,4.763217926025391,4.402582168579102,4.414816856384277,4.414816856384277,1780352
2022-02-14,4.414422035217285,4.466907978057861,4.319799900054932,4.371976852416992,4.371976852416992,1784219
2022-02-15,4.37116813659668,4.9069647789001465,4.366212844848633,4.892561912536621,4.892561912536621,2280125
2022-02-16,4.892745018005371,4.962808132171631,4.801384925842285,4.876469135284424,4.876469135284424,1524936
2022-02-17,4.876747131347656,4.923612117767334,4.359269142150879,4.382334232330322,4.382334232330322,1687664
2022-02-18,4.381115913391113,4.383541107177734,4.168756008148193,4.212110996246338,4.212110996246338,2812100
2022-02-19,4.212024211883545,4.284850120544434,4.0114240646362305,4.0761308670043945,4.0761308670043945,1199743
2022-02-20,4.077155113220215,4.092517852783203,3.6709189414978027,3.765868902206421,3.765868902206421,1620106
2022-02-21,3.7658660411834717,3.981921911239624,3.3754711151123047,3.3754711151123047,3.3754711151123047,2232323
2022-02-22,3.372922897338867,3.3741679191589355,2.9127418994903564,2.960113048553467,2.960113048553467,2695224
2022-02-23,2.975126028060913,3.2027881145477295,2.975126028060913,3.0515120029449463,3.0515120029449463,2533161
2022-02-24,3.051632881164551,3.0800580978393555,2.3827950954437256,2.6487479209899902,2.6487479209899902,3240245
2022-02-25,2.648703098297119,2.820120096206665,2.647321939468384,2.7552928924560547,2.7552928924560547,1531124
2022-02-26,2.753859043121338,3.0238490104675293,2.7300610542297363,2.981736898422241,2.981736898422241,1559293
2022-02-27,2.982508897781372,2.982508897781372,2.7173280715942383,2.7301828861236572,2.7301828861236572,1623238
2022-02-28,2.7301828861236572,3.040834903717041,2.728977918624878,3.0331339836120605,3.0331339836120605,2518776
2022-03-01,3.0327279567718506,3.157118082046509,3.0249650478363037,3.1466948986053467,3.1466948986053467,1811585
2022-03-02,3.146980047225952,3.150692939758301,2.9955990314483643,3.004451036453247,3.004451036453247,1513063
2022-03-03,3.001723051071167,3.010133981704712,2.8005809783935547,2.840320110321045,2.840320110321045,1749331
2022-03-04,2.8393020629882812,2.8413310050964355,2.675183057785034,2.679435968399048,2.679435968399048,1074735
2022-03-05,2.6795079708099365,2.7275280952453613,2.6441919803619385,2.6912930011749268,2.6912930011749268,1115593
2022-03-06,2.6912660598754883,2.8245019912719727,2.6416289806365967,2.756814956665039,2.756814956665039,1324142
2022-03-07,2.7573130130767822,2.858673095703125,2.688455104827881,2.7538230419158936,2.7538230419158936,1244715
2022-03-08,2.7556779384613037,2.757556915283203,2.6838560104370117,2.7147600650787354,2.7147600650787354,730149
2022-03-09,2.714627981185913,2.887479066848755,2.714627981185913,2.779496908187866,2.779496908187866,1359616
2022-03-10,2.7783119678497314,2.801176071166992,2.7014849185943604,2.711169958114624,2.711169958114624,989897
2022-03-11,2.711205005645752,2.756908893585205,2.6125190258026123,2.619378089904785,2.619378089904785,1192261
2022-03-12,2.6207330226898193,2.6562039852142334,2.606856107711792,2.63002610206604,2.63002610206604,1344689
2022-03-13,2.6297810077667236,2.722770929336548,2.5731561183929443,2.5823190212249756,2.5823190212249756,2088894
2022-03-14,2.5826730728149414,2.5850329399108887,2.417804002761841,2.438746929168701,2.438746929168701,1546282
2022-03-15,2.4397621154785156,2.4876201152801514,2.371109962463379,2.4772379398345947,2.4772379398345947,1489785
2022-03-16,2.4770939350128174,2.588900089263916,2.4604649543762207,2.572345018386841,2.572345018386841,1234187
2022-03-17,2.5727059841156006,2.624427080154419,2.546907901763916,2.5699501037597656,2.5699501037597656,1868213
2022-03-18,2.569974899291992,2.6573710441589355,2.516561985015869,2.603879928588867,2.603879928588867,1701042
2022-03-19,2.6035900115966797,2.689366102218628,2.5851879119873047,2.6830780506134033,2.6830780506134033,1730988
2022-03-20,2.6826560497283936,2.6862759590148926,2.5935521125793457,2.5936529636383057,2.5936529636383057,1480451
2022-03-21,2.594568967819214,2.5960919857025146,2.5152809619903564,2.51577091217041,2.51577091217041,1528975
2022-03-22,2.5157909393310547,2.6399710178375244,2.4996819496154785,2.62312388420105,2.62312388420105,1815717
2022-03-23,2.6233389377593994,2.6549999713897705,2.5942718982696533,2.617121934890747,2.617121934890747,1518655
2022-03-24,2.6174850463867188,2.623305082321167,2.554724931716919,2.5608739852905273,2.5608739852905273,1967760
2022-03-25,2.560837984085083,2.6478540897369385,2.555224895477295,2.5571680068969727,2.5571680068969727,1824291
2022-03-26,2.5568690299987793,3.2016310691833496,2.550031900405884,3.1929380893707275,3.1929380893707275,4610181
2022-03-27,3.189570903778076,3.650192975997925,3.0452699661254883,3.288846015930176,3.288846015930176,9507567
2022-03-28,3.2883849143981934,3.5181519985198975,3.278198003768921,3.3024260997772217,3.3024260997772217,4803084
2022-03-29,3.3023440837860107,3.3023440837860107,2.9268798828125,2.9268798828125,2.9268798828125,3886013
2022-03-30,2.9267849922180176,3.700566053390503,2.920186996459961,3.6997671127319336,3.6997671127319336,7558701
2022-03-31,3.695496082305908,4.262155055999756,3.2008349895477295,3.202471971511841,3.202471971511841,11918270
2022-04-01,3.2025129795074463,3.461632013320923,3.0760340690612793,3.079909086227417,3.079909086227417,6947492
2022-04-02,3.074394941329956,3.1913979053497314,3.0517070293426514,3.0640580654144287,3.0640580654144287,5184342
2022-04-03,3.0610320568084717,3.0613598823547363,2.8938639163970947,2.9151809215545654,2.9151809215545654,4606966
2022-04-04,2.9137609004974365,2.9491798877716064,2.84987211227417,2.945686101913452,2.945686101913452,4167379
2022-04-05,2.9464681148529053,2.995126962661743,2.8997139930725098,2.9707610607147217,2.9707610607147217,2889242
2022-04-06,2.9721179008483887,3.078732967376709,2.8659770488739014,2.8780829906463623,2.8780829906463623,4348230
2022-04-07,2.8804469108581543,2.8938050270080566,2.7799360752105713,2.8562240600585938,2.8562240600585938,2971458
2022-04-08,2.8536510467529297,2.868628978729248,2.663256883621216,2.663789987564087,2.663789987564087,2239871
2022-04-09,2.663933038711548,2.680864095687866,2.6017839908599854,2.680864095687866,2.680864095687866,1955315
2022-04-10,2.6804189682006836,2.7085320949554443,2.6015889644622803,2.646962881088257,2.646962881088257,2094376
2022-04-11,2.6468100547790527,2.6487929821014404,2.4292640686035156,2.4293930530548096,2.4293930530548096,2343145
2022-04-12,2.4295549392700195,2.4874050617218018,2.345583915710449,2.3703479766845703,2.3703479766845703,2151821
2022-04-13,2.3704540729522705,2.647533893585205,2.3616321086883545,2.634716033935547,2.634716033935547,2658776
2022-04-14,2.634697914123535,2.692478895187378,2.5934219360351562,2.5964488983154297,2.5964488983154297,2213013
2022-04-15,2.596479892730713,2.596479892730713,2.530289888381958,2.5395500659942627,2.5395500659942627,1398293
2022-04-16,2.5394790172576904,2.550671100616455,2.5305678844451904,2.539747953414917,2.539747953414917,1189998
2022-04-17,2.5398879051208496,2.7187631130218506,2.5353329181671143,2.657886028289795,2.657886028289795,1966122
2022-04-18,2.657715082168579,2.658215045928955,2.5566370487213135,2.5809309482574463,2.5809309482574463,2140293
2022-04-19,2.581005096435547,3.000014066696167,2.5784080028533936,2.978951930999756,2.978951930999756,3846004
2022-04-20,2.978976011276245,3.5797669887542725,2.978976011276245,3.474015951156616,3.474015951156616,5232304
2022-04-21,3.473921060562134,4.0192790031433105,3.2671780586242676,3.6882119178771973,3.6882119178771973,9852158
2022-04-22,3.688791036605835,3.913433074951172,3.3506479263305664,3.3669140338897705,3.3669140338897705,6235118
2022-04-23,3.366888999938965,3.60371994972229,3.2668750286102295,3.520551919937134,3.520551919937134,4579558
2022-04-24,3.5178608894348145,4.1565399169921875,3.483412027359009,4.148412227630615,4.148412227630615,7646491
2022-04-25,4.149960994720459,4.595935821533203,3.7050158977508545,4.291810035705566,4.291810035705566,11005512
2022-04-26,4.292113780975342,4.456499099731445,3.7539920806884766,4.204495906829834,4.204495906829834,14862867
2022-04-27,4.2047858238220215,4.893527984619141,4.1976637840271,4.5942487716674805,4.5942487716674805,20370779
2022-04-28,4.594479084014893,4.701947212219238,4.46530294418335,4.487779140472412,4.487779140472412,14401689
2022-04-29,4.487371921539307,4.501104831695557,3.94567608833313,3.9472410678863525,3.9472410678863525,10431355
2022-04-30,3.947132110595703,4.040433883666992,3.5217599868774414,3.5219318866729736,3.5219318866729736,10227365
2022-05-01,3.5223779678344727,3.6286981105804443,3.2930469512939453,3.400536060333252,3.400536060333252,9230273
2022-05-02,3.4003379344940186,3.581986904144287,3.2893149852752686,3.303133010864258,3.303133010864258,7799315
2022-05-03,3.3028600215911865,3.307041883468628,3.067125082015991,3.137334108352661,3.137334108352661,7614568
2022-05-04,3.137377977371216,3.7853269577026367,3.1295740604400635,3.7663609981536865,3.7663609981536865,10870407
2022-05-05,3.7660961151123047,3.9038689136505127,3.1760358810424805,3.300075054168701,3.300075054168701,10457339
2022-05-06,3.3002240657806396,3.5515360832214355,3.127077102661133,3.466196060180664,3.466196060180664,9341010
2022-05-07,3.4657540321350098,3.623404026031494,3.3277180194854736,3.37119197845459,3.37119197845459,9347613
2022-05-08,3.3713269233703613,3.4455649852752686,3.2719509601593018,3.308202028274536,3.308202028274536,8136157
2022-05-09,3.3081910610198975,3.3478119373321533,2.762012004852295,2.762012004852295,2.762012004852295,9413478
2022-05-10,2.7612249851226807,2.993366003036499,2.714099884033203,2.9171669483184814,2.9171669483184814,8389985
2022-05-11,2.9173550605773926,2.9628350734710693,2.0387370586395264,2.0865368843078613,2.0865368843078613,10553825
2022-05-12,2.086743116378784,2.173556089401245,1.741726040840149,1.924159049987793,1.924159049987793,7471702
2022-05-13,1.9241050481796265,2.23655104637146,1.9051719903945923,2.1148500442504883,2.1148500442504883,4455393
2022-05-14,2.1150169372558594,2.17343807220459,1.969243049621582,2.1177170276641846,2.1177170276641846,3675342
2022-05-15,2.1177709102630615,2.2536840438842773,2.0797910690307617,2.250865936279297,2.250865936279297,2671032
2022-05-16,2.2509379386901855,2.2558939456939697,2.0797059535980225,2.1571431159973145,2.1571431159973145,2421210
2022-05-17,2.1569509506225586,2.369442939758301,2.1563990116119385,2.323124885559082,2.323124885559082,3003675
2022-05-18,2.3231449127197266,2.328399896621704,2.1157050132751465,2.1772871017456055,2.1772871017456055,3497983
2022-05-19,2.176903009414673,2.4076640605926514,2.121951103210449,2.4071130752563477,2.4071130752563477,3446100
2022-05-20,2.4072349071502686,3.0080409049987793,2.3570499420166016,3.0036489963531494,3.0036489963531494,9459704
2022-05-21,3.003793954849243,3.9931070804595947,2.974595069885254,3.813870906829834,3.813870906829834,12226233
2022-05-22,3.8137259483337402,3.970968008041382,3.4288699626922607,3.882375955581665,3.882375955581665,12202555
2022-05-23,3.8848540782928467,3.9136149883270264,3.4997189044952393,3.507657051086426,3.507657051086426,9302297
2022-05-24,3.508790969848633,3.6759250164031982,3.3730900287628174,3.6754310131073,3.6754310131073,6628142
2022-05-25,3.6752610206604004,3.7277719974517822,3.5903139114379883,3.6980040073394775,3.6980040073394775,5128229
2022-05-26,3.697719097137451,4.37260103225708,3.372323989868164,4.37260103225708,4.37260103225708,10165673
2022-05-27,4.3761210441589355,4.406083106994629,3.8596479892730713,3.937062978744507,3.937062978744507,11205422
2022-05-28,3.8724210262298584,3.9591379165649414,3.4236299991607666,3.4236299991607666,3.4236299991607666,6496385
2022-05-29,3.423074960708618,4.021894931793213,3.3348729610443115,3.947248935699463,3.947248935699463,7350871
2022-05-30,3.9469990730285645,4.043455123901367,3.7351410388946533,3.831372022628784,3.831372022628784,8102960
2022-05-31,3.834182024002075,3.912899971008301,3.8073840141296387,3.9014089107513428,3.9014089107513428,7914107
2022-06-01,3.9014339447021484,4.009541988372803,3.6944708824157715,3.716672897338867,3.716672897338867,7651078
2022-06-02,3.71681809425354,3.878851890563965,3.6976020336151123,3.878851890563965,3.878851890563965,6179722
2022-06-03,3.8786139488220215,3.8979270458221436,3.7493820190429688,3.794610023498535,3.794610023498535,6205185
2022-06-04,3.794682025909424,4.011076927185059,3.7892539501190186,4.001955986022949,4.001955986022949,6025441
2022-06-05,4.002440929412842,4.0028581619262695,3.875454902648926,3.910444974899292,3.910444974899292,6420899
2022-06-06,3.910645008087158,4.281442165374756,3.909140110015869,4.281435966491699,4.281435966491699,9656288
2022-06-07,4.285007953643799,4.844954967498779,4.1285247802734375,4.60553503036499,4.60553503036499,16696978
2022-06-08,4.605556011199951,4.706107139587402,4.500843048095703,4.53892707824707,4.53892707824707,11706239
2022-06-09,4.538486003875732,5.096892833709717,4.5225019454956055,4.968657970428467,4.968657970428467,12396160
2022-06-10,4.968371868133545,5.22091817855835,4.62109899520874,4.67484188079834,4.67484188079834,15811465
2022-06-11,4.675419807434082,4.948177814483643,4.341742038726807,4.49127197265625,4.49127197265625,12870989
2022-06-12,4.491888046264648,4.517283916473389,3.9907310009002686,4.327561855316162,4.327561855316162,14219238
2022-06-13,4.30689811706543,4.371493816375732,3.592046022415161,4.191298007965088,4.191298007965088,17394914
2022-06-14,4.190915107727051,4.583755016326904,4.0631818771362305,4.274021148681641,4.274021148681641,15319245
2022-06-15,4.27471399307251,4.27471399307251,3.54892897605896,4.082332134246826,4.082332134246826,14167980
2022-06-16,4.080357074737549,4.148271083831787,3.07899808883667,3.07899808883667,3.07899808883667,12108094
2022-06-17,3.0778560638427734,3.1588680744171143,2.511894941329956,2.671696901321411,2.671696901321411,9466804
2022-06-18,2.6721010208129883,2.710953950881958,1.8717700242996216,2.078433036804199,2.078433036804199,8223867
2022-06-19,2.0781331062316895,2.6560099124908447,2.0689609050750732,2.6278738975524902,2.6278738975524902,6807589
2022-06-20,2.6288020610809326,2.734708070755005,2.4951980113983154,2.6425909996032715,2.6425909996032715,5981882
2022-06-21,2.6426289081573486,3.0120370388031006,2.606724977493286,2.9279329776763916,2.9279329776763916,7934596
2022-06-22,2.926435947418213,3.008441925048828,2.5993669033050537,2.618006944656372,2.618006944656372,6213956
2022-06-23,2.617954969406128,2.7845458984375,2.617563009262085,2.7386369705200195,2.7386369705200195,4979452
2022-06-24,2.7386488914489746,2.8440709114074707,2.704349994659424,2.750535011291504,2.750535011291504,4603326
2022-06-25,2.7505509853363037,2.8385629653930664,2.699903964996338,2.785999059677124,2.785999059677124,4325714
2022-06-26,2.786336898803711,2.8010311126708984,2.4947359561920166,2.4947359561920166,2.4947359561920166,4307996
2022-06-27,2.4941160678863525,2.4941160678863525,2.2799150943756104,2.339179039001465,2.339179039001465,5226272
2022-06-28,2.338634967803955,2.359560012817383,2.2003109455108643,2.200654983520508,2.200654983520508,4514472
2022-06-29,2.2062199115753174,2.2316150665283203,2.008289098739624,2.0629689693450928,2.0629689693450928,6606028
2022-06-30,2.063275098800659,2.085340976715088,1.8883039951324463,1.9810320138931274,1.9810320138931274,4570479
2022-07-01,1.9809800386428833,2.0836870670318604,1.9389539957046509,2.014224052429199,2.014224052429199,3837284
2022-07-02,2.0106379985809326,2.0106379985809326,1.8218640089035034,1.8924009799957275,1.8924009799957275,3361727
2022-07-03,1.8927439451217651,1.9104939699172974,1.8460689783096313,1.9039560556411743,1.9039560556411743,3030954
2022-07-04,1.9031139612197876,1.9333369731903076,1.8608269691467285,1.917968988418579,1.917968988418579,3067157
2022-07-05,1.9179589748382568,1.9668229818344116,1.8656309843063354,1.9161529541015625,1.9161529541015625,2960173
2022-07-06,1.9159539937973022,1.9243680238723755,1.87779700756073,1.9175740480422974,1.9175740480422974,2374839
2022-07-07,1.9175430536270142,1.9878469705581665,1.8923189640045166,1.9582810401916504,1.9582810401916504,2480440
2022-07-08,1.957656979560852,1.9731760025024414,1.9065589904785156,1.9132959842681885,1.9132959842681885,2321622
2022-07-09,1.9123300313949585,1.91498601436615,1.8526949882507324,1.857766032218933,1.857766032218933,2266262
2022-07-10,1.857759952545166,1.8582240343093872,1.7060359716415405,1.7353559732437134,1.7353559732437134,2545253
2022-07-11,1.7353440523147583,1.7353440523147583,1.6325759887695312,1.6325759887695312,1.6325759887695312,2266178
2022-07-12,1.6328309774398804,1.6330139636993408,1.5270440578460693,1.5272539854049683,1.5272539854049683,1962267
2022-07-13,1.5275540351867676,1.529729962348938,1.4229979515075684,1.4465349912643433,1.4465349912643433,2104964
2022-07-14,1.4463560581207275,1.5776309967041016,1.4425820112228394,1.5412240028381348,1.5412240028381348,2070603
2022-07-15,1.5411980152130127,1.6199729442596436,1.4966069459915161,1.5955079793930054,1.5955079793930054,2680485
2022-07-16,1.5955300331115723,1.5955300331115723,1.5056350231170654,1.5159889459609985,1.5159889459609985,1947962
2022-07-17,1.515584945678711,1.5253349542617798,1.392030954360962,1.3987900018692017,1.3987900018692017,1974645
2022-07-18,1.3989930152893066,1.6099050045013428,1.3944050073623657,1.6070189476013184,1.6070189476013184,2794962
2022-07-19,1.6070040464401245,1.8627079725265503,1.5921590328216553,1.7845449447631836,1.7845449447631836,3113098
2022-07-20,1.7842220067977905,1.7986010313034058,1.6347110271453857,1.6486879587173462,1.6486879587173462,2706559
2022-07-21,1.6489490270614624,1.6510679721832275,1.583441972732544,1.619791030883789,1.619791030883789,1322025
2022-07-22,1.6199769973754883,1.668215036392212,1.550210952758789,1.5502549409866333,1.5502549409866333,1159915
2022-07-23,1.5501790046691895,1.5851670503616333,1.4943859577178955,1.53951096534729,1.53951096534729,1331560
2022-07-24,1.5394680500030518,1.5507550239562988,1.4996169805526733,1.5021100044250488,1.5021100044250488,920030
2022-07-25,1.50205397605896,1.5021380186080933,1.4459960460662842,1.4459960460662842,1.4459960460662842,781609
2022-07-26,1.4459420442581177,1.4469820261001587,1.402891993522644,1.4189709424972534,1.4189709424972534,899415
2022-07-27,1.418977975845337,1.5226670503616333,1.4106919765472412,1.5200459957122803,1.5200459957122803,1257324
2022-07-28,1.5200220346450806,1.5672999620437622,1.5011299848556519,1.5597649812698364,1.5597649812698364,1994956
2022-07-29,1.5598859786987305,1.5673960447311401,1.4872020483016968,1.5092129707336426,1.5092129707336426,1879541
2022-07-30,1.5096299648284912,1.5803660154342651,1.4875160455703735,1.5421769618988037,1.5421769618988037,2052402
2022-07-31,1.541890025138855,1.5714030265808105,1.5317870378494263,1.5318729877471924,1.5318729877471924,1520514
2022-08-01,1.5324360132217407,1.5358690023422241,1.4960520267486572,1.5136029720306396,1.5136029720306396,1877785
2022-08-02,1.513653039932251,1.5169689655303955,1.4728100299835205,1.4763259887695312,1.4763259887695312,1585936
2022-08-03,1.4762870073318481,1.5552500486373901,1.464514970779419,1.5289109945297241,1.5289109945297241,1360811
2022-08-04,1.528898000717163,1.601762056350708,1.5285700559616089,1.577618956565857,1.577618956565857,1791321
2022-08-05,1.5777380466461182,1.6468689441680908,1.5674049854278564,1.6468689441680908,1.6468689441680908,1839357
2022-08-06,1.646886944770813,1.6793559789657593,1.6250510215759277,1.6263539791107178,1.6263539791107178,1784650
2022-08-07,1.626065969467163,1.6270149946212769,1.592121958732605,1.619649052619934,1.619649052619934,1675778
2022-08-08,1.6196670532226562,1.663504958152771,1.6188019514083862,1.6321309804916382,1.6321309804916382,1934336
2022-08-09,1.6321580410003662,1.6368709802627563,1.566457986831665,1.5887329578399658,1.5887329578399658,1857543
2022-08-10,1.5888129472732544,1.7641910314559937,1.5741039514541626,1.7526589632034302,1.7526589632034302,2185790
2022-08-11,1.7526979446411133,1.7823539972305298,1.7362689971923828,1.7419010400772095,1.7419010400772095,2148011
2022-08-12,1.7418689727783203,1.7795439958572388,1.7362879514694214,1.7606840133666992,1.7606840133666992,1693992
2022-08-13,1.7608519792556763,1.8015600442886353,1.7596290111541748,1.7766640186309814,1.7766640186309814,1871632
2022-08-14,1.7765250205993652,1.891726016998291,1.7119749784469604,1.8842109441757202,1.8842109441757202,2691985
2022-08-15,1.8833669424057007,2.0490469932556152,1.8606330156326294,2.043523073196411,2.043523073196411,2822808
2022-08-16,2.0437989234924316,2.1428089141845703,2.002455949783325,2.0231740474700928,2.0231740474700928,2532376
2022-08-17,2.0233559608459473,2.0429580211639404,1.8553060293197632,1.857962965965271,1.857962965965271,2123172
2022-08-18,1.8575799465179443,1.8887419700622559,1.8204909563064575,1.8402169942855835,1.8402169942855835,1997420
2022-08-19,1.8403639793395996,1.8403639793395996,1.629776954650879,1.6300510168075562,1.6300510168075562,2218698
2022-08-20,1.6300959587097168,1.644940972328186,1.5916919708251953,1.6080809831619263,1.6080809831619263,1750000
2022-08-21,1.609787940979004,1.8553800582885742,1.6081219911575317,1.8358409404754639,1.8358409404754639,2436768
2022-08-22,1.8365230560302734,1.864313006401062,1.7430750131607056,1.7734309434890747,1.7734309434890747,2767406
2022-08-23,1.7732089757919312,1.8159949779510498,1.7171449661254883,1.7634390592575073,1.7634390592575073,2489455
2022-08-24,1.758908987045288,1.7855340242385864,1.710062026977539,1.7409149408340454,1.7409149408340454,2644907
2022-08-25,1.740893006324768,1.7614140510559082,1.6877360343933105,1.6918389797210693,1.6918389797210693,2332725
2022-08-26,1.6916680335998535,1.6919540166854858,1.557358980178833,1.5606640577316284,1.5606640577316284,1800464
2022-08-27,1.5607329607009888,1.5801130533218384,1.5489050149917603,1.5705300569534302,1.5705300569534302,1682220
2022-08-28,1.570749044418335,1.60841703414917,1.5032750368118286,1.5059360265731812,1.5059360265731812,2012082
2022-08-29,1.5041409730911255,1.5393650531768799,1.466763973236084,1.529839038848877,1.529839038848877,1834050
2022-08-30,1.5297420024871826,1.5399260520935059,1.4804400205612183,1.4949569702148438,1.4949569702148438,1728139
2022-08-31,1.4949660301208496,1.5188590288162231,1.4862979650497437,1.5004849433898926,1.5004849433898926,1912227
2022-09-01,1.5010099411010742,1.5078710317611694,1.4568569660186768,1.477174997329712,1.477174997329712,2107387
2022-09-02,1.4771950244903564,1.5288339853286743,1.471701979637146,1.4924579858779907,1.4924579858779907,1999706
2022-09-03,1.4921799898147583,1.5124659538269043,1.487131953239441,1.4979380369186401,1.4979380369186401,2322779
2022-09-04,1.4985769987106323,1.509768009185791,1.4927209615707397,1.5019890069961548,1.5019890069961548,1685628
2022-09-05,1.5021270513534546,1.661201000213623,1.4962890148162842,1.660768985748291,1.660768985748291,2931294
2022-09-06,1.6606789827346802,1.7251280546188354,1.6276880502700806,1.6378669738769531,1.6378669738769531,3598939
2022-09-07,1.638069987297058,1.7977780103683472,1.5592809915542603,1.7963420152664185,1.7963420152664185,3260430
2022-09-08,1.7963659763336182,1.8456100225448608,1.753872036933899,1.8208459615707397,1.8208459615707397,2643485
2022-09-09,1.8209149837493896,2.3519580364227295,1.8167500495910645,2.322767972946167,2.322767972946167,9468971
2022-09-10,2.3228540420532227,2.3447630405426025,2.063122034072876,2.092963933944702,2.092963933944702,4922962
2022-09-11,2.0920569896698,2.416645050048828,2.083501100540161,2.1660079956054688,2.1660079956054688,4618866
2022-09-12,2.166062116622925,2.277039051055908,2.0401179790496826,2.0811519622802734,2.0811519622802734,4004265
2022-09-13,2.080415964126587,2.097075939178467,1.8292789459228516,1.8380869626998901,1.8380869626998901,3448638
2022-09-14,1.8406720161437988,1.9698760509490967,1.8334590196609497,1.96663498878479,1.96663498878479,2828184
2022-09-15,1.967344045639038,2.022416114807129,1.8504290580749512,1.8511840105056763,1.8511840105056763,3197339
2022-09-16,1.851140022277832,1.9601880311965942,1.8342130184173584,1.8808079957962036,1.8808079957962036,2926907
2022-09-17,1.8803600072860718,1.968938946723938,1.8803600072860718,1.966194987297058,1.966194987297058,3040074
2022-09-18,1.966709017753601,2.0217859745025635,1.9118930101394653,1.9127980470657349,1.9127980470657349,2398299
2022-09-19,1.9133399724960327,1.9156579971313477,1.8539750576019287,1.8863099813461304,1.8863099813461304,2840642
2022-09-20,1.886415958404541,1.950592041015625,1.8821569681167603,1.8952499628067017,1.8952499628067017,2649065
2022-09-21,1.8947360515594482,1.90059494972229,1.8254640102386475,1.828268051147461,1.828268051147461,2216150
2022-09-22,1.8283189535140991,1.8784589767456055,1.822808027267456,1.8755719661712646,1.8755719661712646,1956812
2022-09-23,1.8751929998397827,1.8888239860534668,1.7895289659500122,1.8074920177459717,1.8074920177459717,2138683
2022-09-24,1.8073970079421997,1.8176690340042114,1.767063021659851,1.7708890438079834,1.7708890438079834,1890998
2022-09-25,1.7711039781570435,1.7711039781570435,1.680812954902649,1.6809840202331543,1.6809840202331543,1929180
2022-09-26,1.6805360317230225,1.684736967086792,1.6312350034713745,1.6712470054626465,1.6712470054626465,2157606
2022-09-27,1.6677099466323853,1.8843929767608643,1.6613279581069946,1.7657910585403442,1.7657910585403442,3657018
2022-09-28,1.7630449533462524,1.7700430154800415,1.6880459785461426,1.724053978919983,1.724053978919983,2421936
2022-09-29,1.7232120037078857,1.7312899827957153,1.6861059665679932,1.6989610195159912,1.6989610195159912,2078855
2022-09-30,1.699157953262329,1.722025990486145,1.6918710470199585,1.6963080167770386,1.6963080167770386,1841895
2022-10-01,1.6962310075759888,1.727489948272705,1.6826859712600708,1.7001579999923706,1.7001579999923706,1816571
2022-10-02,1.6997350454330444,1.754809021949768,1.6526859998703003,1.731495976448059,1.731495976448059,2280585
2022-10-03,1.7317819595336914,1.7462639808654785,1.7114919424057007,1.737207055091858,1.737207055091858,1950639
2022-10-04,1.7372889518737793,1.9259979724884033,1.7349920272827148,1.8729439973831177,1.8729439973831177,3326145
2022-10-05,1.8722130060195923,2.096312999725342,1.8527799844741821,2.066941022872925,2.066941022872925,4224508
2022-10-06,2.067176103591919,2.0840489864349365,1.9466500282287598,1.965628981590271,1.965628981590271,2469682
2022-10-07,1.9701329469680786,2.0233840942382812,1.9652099609375,2.0046730041503906,2.0046730041503906,2268888
2022-10-08,2.0040690898895264,2.13907790184021,2.000546932220459,2.137408971786499,2.137408971786499,2633200
2022-10-09,2.1388909816741943,2.376832962036133,2.135129928588867,2.2780470848083496,2.2780470848083496,5153332
2022-10-10,2.278844118118286,2.343625068664551,2.071510076522827,2.071510076522827,2.071510076522827,3841064
2022-10-11,2.0722169876098633,2.082819938659668,1.9877400398254395,2.0806450843811035,2.0806450843811035,3435131
2022-10-12,2.0806360244750977,2.0857760906219482,1.9445749521255493,1.955198049545288,1.955198049545288,3267891
2022-10-13,1.9543009996414185,2.2366509437561035,1.8195860385894775,2.2345659732818604,2.2345659732818604,5109789
2022-10-14,2.2345809936523438,2.2383201122283936,2.0141680240631104,2.0543830394744873,2.0543830394744873,3079580
2022-10-15,2.0545949935913086,2.1078929901123047,2.051600933074951,2.0541470050811768,2.0541470050811768,2360062
2022-10-16,2.0544190406799316,2.0676488876342773,2.015496015548706,2.017029047012329,2.017029047012329,1517452
2022-10-17,2.0169119834899902,2.1766951084136963,2.0104150772094727,2.12868595123291,2.12868595123291,3251650
2022-10-18,2.128951072692871,2.16532301902771,2.052881956100464,2.0805609226226807,2.0805609226226807,2557360
2022-10-19,2.084388017654419,2.0848419666290283,1.928820013999939,1.9291239976882935,1.9291239976882935,2284077
2022-10-20,1.9290250539779663,2.0059120655059814,1.8710030317306519,1.8841520547866821,1.8841520547866821,2775892
2022-10-21,1.8844950199127197,1.9114819765090942,1.8446849584579468,1.9111310243606567,1.9111310243606567,2114294
2022-10-22,1.9113270044326782,1.918110966682434,1.8578170537948608,1.8666729927062988,1.8666729927062988,2130334
2022-10-23,1.8664920330047607,1.899109959602356,1.855309009552002,1.8977570533752441,1.8977570533752441,2022303
2022-10-24,1.8973740339279175,1.9133440256118774,1.84893000125885,1.8555599451065063,1.8555599451065063,2419167
2022-10-25,1.8543070554733276,1.9958250522613525,1.8113689422607422,1.9168879985809326,1.9168879985809326,3746152
2022-10-26,1.9168219566345215,1.9915070533752441,1.898252010345459,1.9525330066680908,1.9525330066680908,2847853
2022-10-27,1.9526540040969849,1.9630730152130127,1.873779058456421,1.8817249536514282,1.8817249536514282,2372441
2022-10-28,1.8814040422439575,1.9010089635849,1.8512309789657593,1.8873330354690552,1.8873330354690552,2140594
2022-10-29,1.8873449563980103,1.906775951385498,1.8576569557189941,1.8594880104064941,1.8594880104064941,2096605
2022-10-30,1.85807204246521,1.8936359882354736,1.7700140476226807,1.793789029121399,1.793789029121399,2557706
2022-10-31,1.7937109470367432,1.796090006828308,1.662145972251892,1.6994370222091675,1.6994370222091675,2445837
2022-11-01,1.6994860172271729,1.716858983039856,1.6272460222244263,1.6283689737319946,1.6283689737319946,2027542
2022-11-02,1.6282939910888672,1.665971040725708,1.615671992301941,1.6276869773864746,1.6276869773864746,1952729
2022-11-03,1.6277079582214355,1.7127569913864136,1.6219240427017212,1.6926989555358887,1.6926989555358887,2091115
2022-11-04,1.6919599771499634,1.7753549814224243,1.6844359636306763,1.7547260522842407,1.7547260522842407,2622413
2022-11-05,1.754639983177185,2.1127769947052,1.7532490491867065,2.0501179695129395,2.0501179695129395,4575497
2022-11-06,2.050555944442749,2.1679999828338623,2.0377581119537354,2.063431978225708,2.063431978225708,3514723
2022-11-07,2.062933921813965,2.6644210815429688,1.9950629472732544,2.4998679161071777,2.4998679161071777,7724748
2022-11-08,2.500072956085205,2.562807083129883,1.7594619989395142,1.910079002380371,1.910079002380371,7928798
2022-11-09,1.9101760387420654,1.9121750593185425,1.2009400129318237,1.2182350158691406,1.2182350158691406,5433009
2022-11-10,1.2186959981918335,1.4701210260391235,1.216729998588562,1.4525150060653687,1.4525150060653687,3913657
2022-11-11,1.452180027961731,1.4620720148086548,1.254992961883545,1.2813589572906494,1.2813589572906494,3093176
2022-11-12,1.2813329696655273,1.313675045967102,1.2729469537734985,1.3061790466308594,1.3061790466308594,1660401
2022-11-13,1.3061660528182983,1.3211569786071777,1.150154948234558,1.161849021911621,1.161849021911621,2592574
2022-11-14,1.1618119478225708,1.2107429504394531,1.1413990259170532,1.206015944480896,1.206015944480896,1928589
2022-11-15,1.2063390016555786,1.3127230405807495,1.2058559656143188,1.3024699687957764,1.3024699687957764,2156420
2022-11-16,1.3023749589920044,1.3310860395431519,1.2292289733886719,1.234194040298462,1.234194040298462,1685691
2022-11-17,1.2340890169143677,1.242089033126831,1.1954269409179688,1.2059710025787354,1.2059710025787354,1443541
2022-11-18,1.2063859701156616,1.2701079845428467,1.2053860425949097,1.2544699907302856,1.2544699907302856,1637147
2022-11-19,1.2544100284576416,1.2686309814453125,1.2231669425964355,1.240576982498169,1.240576982498169,1636860
2022-11-20,1.2405380010604858,1.2531499862670898,1.1594220399856567,1.160051941871643,1.160051941871643,1596371
2022-11-21,1.1599880456924438,1.160470962524414,1.0401719808578491,1.0503419637680054,1.0503419637680054,1879839
2022-11-22,1.0502489805221558,1.0976840257644653,1.0235589742660522,1.0967650413513184,1.0967650413513184,1578191
2022-11-23,1.0975309610366821,1.163638949394226,1.0961849689483643,1.163638949394226,1.163638949394226,1849035
2022-11-24,1.1633180379867554,1.2113909721374512,1.1633180379867554,1.2003439664840698,1.2003439664840698,1651299
2022-11-25,1.2002819776535034,1.2002999782562256,1.1649130582809448,1.1708029508590698,1.1708029508590698,1367506
2022-11-26,1.1709539890289307,1.2087620496749878,1.1703170537948608,1.2029550075531006,1.2029550075531006,1420727
2022-11-27,1.2028770446777344,1.2495249509811401,1.202232003211975,1.2400890588760376,1.2400890588760376,1515045
2022-11-28,1.2401460409164429,1.2424180507659912,1.1644539833068848,1.1699329614639282,1.1699329614639282,1672600
2022-11-29,1.1700730323791504,1.1866999864578247,1.1392849683761597,1.1475290060043335,1.1475290060043335,1717160
2022-11-30,1.1476470232009888,1.1768529415130615,1.1473679542541504,1.1669739484786987,1.1669739484786987,1424119
2022-12-01,1.1670910120010376,1.1679760217666626,1.1212960481643677,1.1244499683380127,1.1244499683380127,960726
2022-12-02,1.1244959831237793,1.1331119537353516,1.116184949874878,1.1330480575561523,1.1330480575561523,857325
2022-12-03,1.1329319477081299,1.1440130472183228,1.124966025352478,1.1261099576950073,1.1261099576950073,794428
2022-12-04,1.1259690523147583,1.2019269466400146,1.1240379810333252,1.1979750394821167,1.1979750394821167,1090622
2022-12-05,1.1978919506072998,1.198855996131897,1.1733649969100952,1.1744500398635864,1.1744500398635864,827445
2022-12-06,1.1745749711990356,1.175902009010315,1.1340880393981934,1.1494569778442383,1.1494569778442383,984528
2022-12-07,1.1493539810180664,1.1541340351104736,1.1365469694137573,1.1388410329818726,1.1388410329818726,840168
2022-12-08,1.1385389566421509,1.13981294631958,1.1183539628982544,1.1287349462509155,1.1287349462509155,1098624
2022-12-09,1.1287800073623657,1.1340769529342651,1.104578971862793,1.1083669662475586,1.1083669662475586,697973
2022-12-10,1.1084569692611694,1.1371910572052002,1.103937029838562,1.124377965927124,1.124377965927124,742203
2022-12-11,1.1243599653244019,1.1515400409698486,1.086948037147522,1.0887099504470825,1.0887099504470825,1060677
2022-12-12,1.0887019634246826,1.091812014579773,1.0677939653396606,1.0764789581298828,1.0764789581298828,1100558
2022-12-13,1.0765730142593384,1.0905450582504272,1.0669519901275635,1.0772390365600586,1.0772390365600586,1431375
2022-12-14,1.0775099992752075,1.0775099992752075,1.0433239936828613,1.0452630519866943,1.0452630519866943,1263734
2022-12-15,1.045356035232544,1.0478459596633911,1.0066150426864624,1.0075960159301758,1.0075960159301758,1139240
2022-12-16,1.007539987564087,1.0311299562454224,0.9666029810905457,0.9863899946212769,0.9863899946212769,1612311
2022-12-17,0.986615002155304,1.0028959512710571,0.9745140075683594,0.9981920123100281,0.9981920123100281,1202675
2022-12-18,0.9982309937477112,1.0083359479904175,0.9930269718170166,1.0083359479904175,1.0083359479904175,1136041
2022-12-19,1.0087729692459106,1.0238070487976074,1.0087729692459106,1.0175869464874268,1.0175869464874268,1161661
2022-12-20,1.0176249742507935,1.0427910089492798,1.0158929824829102,1.042253017425537,1.042253017425537,1326984
2022-12-21,1.0422569513320923,1.1867200136184692,1.0417850017547607,1.1802940368652344,1.1802940368652344,1934242
2022-12-22,1.1802899837493896,1.2636489868164062,1.1290309429168701,1.2593899965286255,1.2593899965286255,2578490
2022-12-23,1.2593400478363037,1.2699170112609863,1.1639020442962646,1.1793400049209595,1.1793400049209595,1804312
2022-12-24,1.1791590452194214,1.2013850212097168,1.172104001045227,1.1810129880905151,1.1810129880905151,1250421
2022-12-25,1.1809940338134766,1.1945159435272217,1.1740800142288208,1.189574956893921,1.189574956893921,1115657
2022-12-26,1.1897209882736206,1.2019679546356201,1.1742709875106812,1.2016140222549438,1.2016140222549438,1302683
2022-12-27,1.201604962348938,1.2142219543457031,1.1701890230178833,1.1701890230178833,1.1701890230178833,1208295
2022-12-28,1.1703840494155884,1.1759059429168701,1.0982270240783691,1.0990699529647827,1.0990699529647827,1326510
2022-12-29,1.0990140438079834,1.099115014076233,1.0660109519958496,1.078286051750183,1.078286051750183,1185460
2022-12-30,1.0782580375671387,1.079327940940857,1.0393999814987183,1.043357014656067,1.043357014656067,1229400
2022-12-31,1.0435409545898438,1.043908953666687,1.0116820335388184,1.0127240419387817,1.0127240419387817,1270716
2023-01-01,1.0127569437026978,1.022894024848938,0.9977390170097351,1.0227769613265991,1.0227769613265991,1261673
2023-01-02,1.0227619409561157,1.0357810258865356,1.0160139799118042,1.0261000394821167,1.0261000394821167,1078198
2023-01-03,1.0260889530181885,1.028905987739563,1.0009000301361084,1.009775996208191,1.009775996208191,1185271
2023-01-04,1.009788990020752,1.016471028327942,0.9993969798088074,1.0045429468154907,1.0045429468154907,1172960
2023-01-05,1.004783034324646,1.0072749853134155,0.9806079864501953,0.9823740124702454,0.9823740124702454,1320103
2023-01-06,0.9825230240821838,1.0113550424575806,0.9815710186958313,1.0094799995422363,1.0094799995422363,1246712
2023-01-07,1.0097039937973022,1.0174570083618164,0.9998959898948669,1.0069220066070557,1.0069220066070557,1096470
2023-01-08,1.006780982017517,1.0405830144882202,0.9910950064659119,1.0405830144882202,1.0405830144882202,1363602
2023-01-09,1.0402450561523438,1.103963017463684,1.0350240468978882,1.059438943862915,1.059438943862915,1710721
2023-01-10,1.059453010559082,1.0705870389938354,1.041903018951416,1.0511590242385864,1.0511590242385864,1474469
2023-01-11,1.0511460304260254,1.0734959840774536,1.035871982574463,1.069888949394226,1.069888949394226,1601802
2023-01-12,1.0768699645996094,1.0900919437408447,1.0402350425720215,1.0876189470291138,1.0876189470291138,1796868
2023-01-13,1.0877350568771362,1.1010390520095825,1.076704978942871,1.1000109910964966,1.1000109910964966,1519253
2023-01-14,1.1019690036773682,1.1650749444961548,1.1013569831848145,1.1452430486679077,1.1452430486679077,1978571
2023-01-15,1.1453299522399902,1.1461830139160156,1.0873839855194092,1.0980130434036255,1.0980130434036255,1459987
2023-01-16,1.0979650020599365,1.1418960094451904,1.0789040327072144,1.0791980028152466,1.0791980028152466,1712067
2023-01-17,1.0791900157928467,1.0843429565429688,1.0572279691696167,1.0764089822769165,1.0764089822769165,1719015
2023-01-18,1.0756800174713135,1.0866190195083618,1.0231759548187256,1.0322400331497192,1.0322400331497192,1567937
2023-01-19,1.0323649644851685,1.0394710302352905,1.026658058166504,1.0381170511245728,1.0381170511245728,1212840
2023-01-20,1.0379040241241455,1.309448003768921,1.0368319749832153,1.266631007194519,1.266631007194519,4291270
2023-01-21,1.2663350105285645,1.4054399728775024,1.222681999206543,1.3513120412826538,1.3513120412826538,3595100
2023-01-22,1.3519619703292847,1.3712869882583618,1.3176660537719727,1.320505976676941,1.320505976676941,1944928
2023-01-23,1.3208039999008179,1.3304389715194702,1.2702319622039795,1.2951489686965942,1.2951489686965942,1717189
2023-01-24,1.2950210571289062,1.295498013496399,1.252974033355713,1.2551610469818115,1.2551610469818115,1824046
2023-01-25,1.2553659677505493,1.2587549686431885,1.2303260564804077,1.2527639865875244,1.2527639865875244,1500301
2023-01-26,1.2526079416275024,1.2736190557479858,1.2526079416275024,1.264963984489441,1.264963984489441,1242602
2023-01-27,1.265241026878357,1.2660939693450928,1.2320640087127686,1.2524290084838867,1.2524290084838867,1305642
2023-01-28,1.2523479461669922,1.2646280527114868,1.2312120199203491,1.2332370281219482,1.2332370281219482,1150099
2023-01-29,1.2332279682159424,1.263685941696167,1.2278929948806763,1.2553499937057495,1.2553499937057495,1338694
2023-01-30,1.2552080154418945,1.2605249881744385,1.1530649662017822,1.1562089920043945,1.1562089920043945,1676185
2023-01-31,1.1561260223388672,1.1567779779434204,1.107388973236084,1.1332550048828125,1.1332550048828125,1957732
2023-02-01,1.1330480575561523,1.174170970916748,1.128715991973877,1.1726469993591309,1.1726469993591309,1784299
2023-02-02,1.172752022743225,1.2479159832000732,1.1716179847717285,1.1918009519577026,1.1918009519577026,2379365
2023-02-03,1.1919339895248413,1.348958969116211,1.1914889812469482,1.3461090326309204,1.3461090326309204,2708871
2023-02-04,1.3467899560928345,1.4086790084838867,1.3357679843902588,1.355638027191162,1.355638027191162,2207727
2023-02-05,1.3555970191955566,1.3730549812316895,1.300389051437378,1.301453948020935,1.301453948020935,2103085
2023-02-06,1.3015609979629517,1.3351809978485107,1.2661069631576538,1.3075950145721436,1.3075950145721436,1677474
2023-02-07,1.307492971420288,1.4353890419006348,1.298658013343811,1.4345370531082153,1.4345370531082153,2478832
2023-02-08,1.4344470500946045,1.4359320402145386,1.3549050092697144,1.3679349422454834,1.3679349422454834,1683643
2023-02-09,1.3674310445785522,1.3687770366668701,1.2034660577774048,1.203829050064087,1.203829050064087,2030816
2023-02-10,1.2039300203323364,1.241320013999939,1.1901479959487915,1.1901719570159912,1.1901719570159912,1438519
2023-02-11,1.1899820566177368,1.2143900394439697,1.188878059387207,1.2138479948043823,1.2138479948043823,1209394
2023-02-12,1.2137470245361328,1.227059006690979,1.1823810338974,1.1848599910736084,1.1848599910736084,1435254
2023-02-13,1.1846280097961426,1.2043800354003906,1.1186209917068481,1.1318279504776,1.1318279504776,1622836
2023-02-14,1.1310080289840698,1.1685190200805664,1.1275800466537476,1.1655240058898926,1.1655240058898926,1363536
2023-02-15,1.1654380559921265,1.2334589958190918,1.1492279767990112,1.2278310060501099,1.2278310060501099,1691120
2023-02-16,1.2276370525360107,1.2806320190429688,1.2065589427947998,1.2065589427947998,1.2065589427947998,1962179
2023-02-17,1.2066320180892944,1.2451529502868652,1.185256004333496,1.2402420043945312,1.2402420043945312,1619621
2023-02-18,1.2400070428848267,1.255977988243103,1.1999930143356323,1.205265998840332,1.205265998840332,1455998
2023-02-19,1.2054940462112427,1.2111209630966187,1.1724940538406372,1.1729400157928467,1.1729400157928467,1691891
2023-02-20,1.1727190017700195,1.2154970169067383,1.1589000225067139,1.2154910564422607,1.2154910564422607,2232096
2023-02-21,1.2154170274734497,1.2415510416030884,1.1923259496688843,1.195680022239685,1.195680022239685,2103908
2023-02-22,1.195533037185669,1.2159019708633423,1.164620041847229,1.2131199836730957,1.2131199836730957,1812791
2023-02-23,1.2134759426116943,1.2905880212783813,1.2129969596862793,1.2872099876403809,1.2872099876403809,2830662
2023-02-24,1.2872569561004639,1.2984440326690674,1.222452998161316,1.2485430240631104,1.2485430240631104,1945265
2023-02-25,1.2484229803085327,1.2660139799118042,1.2206809520721436,1.2267309427261353,1.2267309427261353,1700623
2023-02-26,1.226498007774353,1.2830719947814941,1.2262049913406372,1.2820780277252197,1.2820780277252197,1683266
2023-02-27,1.2825560569763184,1.2899099588394165,1.2621300220489502,1.2691080570220947,1.2691080570220947,1774423
2023-02-28,1.2692129611968994,1.302320957183838,1.2560839653015137,1.2792619466781616,1.2792619466781616,1817698
2023-03-01,1.2792680263519287,1.315533995628357,1.2759050130844116,1.3069390058517456,1.3069390058517456,1647891
2023-03-02,1.307073950767517,1.3094940185546875,1.2686760425567627,1.2751330137252808,1.2751330137252808,1625699
2023-03-03,1.2749619483947754,1.2761039733886719,1.2211699485778809,1.241070032119751,1.241070032119751,1739010
2023-03-04,1.24086594581604,1.3370829820632935,1.2407939434051514,1.3115650415420532,1.3115650415420532,2041580
2023-03-05,1.311797022819519,1.5134350061416626,1.3082300424575806,1.5086699724197388,1.5086699724197388,3051736
2023-03-06,1.5093859434127808,1.6807769536972046,1.4862010478973389,1.678189992904663,1.678189992904663,3990024
2023-03-07,1.678818941116333,1.6955660581588745,1.5057719945907593,1.5099719762802124,1.5099719762802124,3136534
2023-03-08,1.5101100206375122,1.5405069589614868,1.4703949689865112,1.470808982849121,1.470808982849121,2211821
2023-03-09,1.4708240032196045,1.4708240032196045,1.320248007774353,1.335433006286621,1.335433006286621,6811275
2023-03-10,1.335569977760315,1.3880759477615356,1.2974989414215088,1.3747849464416504,1.3747849464416504,4012104
2023-03-11,1.3748359680175781,1.4034960269927979,1.3212640285491943,1.3619489669799805,1.3619489669799805,10905887
2023-03-12,1.3616149425506592,1.4281569719314575,1.3523939847946167,1.4210200309753418,1.4210200309753418,10605664
2023-03-13,1.4204169511795044,1.5252599716186523,1.4058599472045898,1.5103329420089722,1.5103329420089722,11529879
2023-03-14,1.5101100206375122,1.6401159763336182,1.5043679475784302,1.5878859758377075,1.5878859758377075,11472504
2023-03-15,1.5878499746322632,1.7294600009918213,1.5227049589157104,1.6934460401535034,1.6934460401535034,12213263
2023-03-16,1.6937810182571411,1.73689603805542,1.6518210172653198,1.73689603805542,1.73689603805542,11327941
2023-03-17,1.7365130186080933,1.8674030303955078,1.72645902633667,1.866366982460022,1.866366982460022,11691749
2023-03-18,1.8667399883270264,1.8774069547653198,1.7717280387878418,1.7738150358200073,1.7738150358200073,11292913
2023-03-19,1.7740529775619507,1.8648220300674438,1.7621949911117554,1.8341890573501587,1.8341890573501587,10855242
2023-03-20,1.8336889743804932,1.8485490083694458,1.7839930057525635,1.8108400106430054,1.8108400106430054,11160392
2023-03-21,1.8107600212097168,1.8448400497436523,1.7781169414520264,1.8442250490188599,1.8442250490188599,10810175
2023-03-22,1.844527006149292,2.097553014755249,1.8370380401611328,1.9997049570083618,1.9997049570083618,11809775
2023-03-23,1.9988340139389038,2.068392038345337,1.9609090089797974,1.9773080348968506,1.9773080348968506,6515453
2023-03-24,1.977370023727417,1.995877981185913,1.8880360126495361,1.8908170461654663,1.8908170461654663,9710968
2023-03-25,1.8924789428710938,1.925732970237732,1.8721840381622314,1.8963600397109985,1.8963600397109985,2373832
2023-03-26,1.8965610265731812,1.9212700128555298,1.8487759828567505,1.8659759759902954,1.8659759759902954,2437150
2023-03-27,1.868391990661621,1.949341058731079,1.8639329671859741,1.9145289659500122,1.9145289659500122,3078333
2023-03-28,1.9151060581207275,1.9626619815826416,1.8986610174179077,1.9173250198364258,1.9173250198364258,4689003
2023-03-29,1.9165079593658447,1.9435980319976807,1.9115610122680664,1.9308760166168213,1.9308760166168213,2702680
2023-03-30,1.9324020147323608,1.946658968925476,1.8006240129470825,1.8042969703674316,1.8042969703674316,3969005
2023-03-31,1.8043609857559204,1.813169002532959,1.786689043045044,1.7918319702148438,1.7918319702148438,2931595
2023-04-01,1.7912800312042236,1.7971370220184326,1.7512680292129517,1.7571099996566772,1.7571099996566772,3005787
2023-04-02,1.7531960010528564,1.803048014640808,1.7313499450683594,1.7355090379714966,1.7355090379714966,2882691
2023-04-03,1.7355940341949463,1.737226963043213,1.6299660205841064,1.647449016571045,1.647449016571045,2841476
2023-04-04,1.6473579406738281,1.6507320404052734,1.6234890222549438,1.627426028251648,1.627426028251648,2393383
2023-04-05,1.6278250217437744,1.657804012298584,1.623481035232544,1.6466009616851807,1.6466009616851807,2233346
2023-04-06,1.6465729475021362,1.6466679573059082,1.547178030014038,1.5561959743499756,1.5561959743499756,2089063
2023-04-07,1.5558439493179321,1.5668740272521973,1.524772047996521,1.5364400148391724,1.5364400148391724,1445520
2023-04-08,1.5362290143966675,1.5368540287017822,1.5126149654388428,1.5168540477752686,1.5168540477752686,1507386
2023-04-09,1.516746997833252,1.5312670469284058,1.5082249641418457,1.528439998626709,1.528439998626709,1392111
2023-04-10,1.5283470153808594,1.6300699710845947,1.519610047340393,1.628519058227539,1.628519058227539,2364608
2023-04-11,1.6271079778671265,1.667570948600769,1.6263339519500732,1.633152961730957,1.633152961730957,2133835
2023-04-12,1.6331390142440796,1.6353139877319336,1.565958023071289,1.5663180351257324,1.5663180351257324,2172896
2023-04-13,1.5739070177078247,1.5932869911193848,1.5572270154953003,1.5843780040740967,1.5843780040740967,2245629
2023-04-14,1.5844650268554688,1.6096869707107544,1.5683879852294922,1.5816919803619385,1.5816919803619385,1806628
2023-04-15,1.5818450450897217,1.5819319486618042,1.5485570430755615,1.5485570430755615,1.5485570430755615,1868598
2023-04-16,1.5486749410629272,1.5676920413970947,1.5387810468673706,1.5660300254821777,1.5660300254821777,1447383
2023-04-17,1.566444993019104,1.5667200088500977,1.5121569633483887,1.5161000490188599,1.5161000490188599,1465273
2023-04-18,1.5162049531936646,1.5597089529037476,1.5070970058441162,1.5585490465164185,1.5585490465164185,2709589
2023-04-19,1.5586309432983398,1.577815055847168,1.4642970561981201,1.4671770334243774,1.4671770334243774,3280076
2023-04-20,1.467175006866455,1.479583978652954,1.4231669902801514,1.4287240505218506,1.4287240505218506,3128782
2023-04-21,1.4287290573120117,1.448883056640625,1.3849860429763794,1.394003987312317,1.394003987312317,3055433
2023-04-22,1.3940160274505615,1.4166359901428223,1.3847019672393799,1.4153870344161987,1.4153870344161987,2674030
2023-04-23,1.4153939485549927,1.4167490005493164,1.3469209671020508,1.3505189418792725,1.3505189418792725,2719537
2023-04-24,1.350484013557434,1.3519690036773682,1.2496789693832397,1.2502119541168213,1.2502119541168213,2911067
2023-04-25,1.2501670122146606,1.2557460069656372,1.2355799674987793,1.2469149827957153,1.2469149827957153,2835340
2023-04-26,1.247046947479248,1.2768579721450806,1.237550973892212,1.244678020477295,1.244678020477295,3308801
2023-04-27,1.2445420026779175,1.2519409656524658,1.2203630208969116,1.2304149866104126,1.2304149866104126,3094292
2023-04-28,1.2303500175476074,1.2366750240325928,1.213129997253418,1.2226840257644653,1.2226840257644653,3476914
2023-04-29,1.2226799726486206,1.235450029373169,1.221863031387329,1.2310600280761719,1.2310600280761719,3006228
2023-04-30,1.2310420274734497,1.2326329946517944,1.185425043106079,1.1856069564819336,1.1856069564819336,3036951
2023-05-01,1.1854649782180786,1.1868369579315186,1.1213990449905396,1.1213990449905396,1.1213990449905396,3431593
2023-05-02,1.1214519739151,1.137287974357605,1.1120100021362305,1.1302160024642944,1.1302160024642944,3404332
2023-05-03,1.1302679777145386,1.135593056678772,1.1142170429229736,1.129984974861145,1.129984974861145,1976203
2023-05-04,1.1300640106201172,1.1302729845046997,1.1029750108718872,1.1035120487213135,1.1035120487213135,2731784
2023-05-05,1.1034189462661743,1.103721022605896,1.082605004310608,1.0851490497589111,1.0851490497589111,2630839
2023-05-06,1.0851880311965942,1.088987946510315,1.048764944076538,1.0495530366897583,1.0495530366897583,2675673
2023-05-07,1.0495790243148804,1.0547089576721191,1.0252469778060913,1.0254839658737183,1.0254839658737183,2586946
2023-05-08,1.025215983390808,1.0267870426177979,0.9477880001068115,0.9516729712486267,0.9516729712486267,3587439
2023-05-09,0.9518300294876099,0.9974009990692139,0.9452549815177917,0.9966620206832886,0.9966620206832886,3472911
2023-05-10,0.9967949986457825,1.030465006828308,0.9936370253562927,1.0155869722366333,1.0155869722366333,4076602
2023-05-11,1.0156489610671997,1.015949010848999,0.947288990020752,0.9545609951019287,0.9545609951019287,3681853
2023-05-12,0.9546639919281006,0.9551969766616821,0.9319170117378235,0.9512869715690613,0.9512869715690613,3152983
2023-05-13,0.9512060284614563,0.9541130065917969,0.9415389895439148,0.944038987159729,0.944038987159729,4599197
2023-05-14,0.9440079927444458,0.9528980255126953,0.9388110041618347,0.9464330077171326,0.9464330077171326,2376344
2023-05-16,0.9532592296600342,0.9543657898902893,0.9406095743179321,0.944076657295227,0.944076657295227,2502200
